{
  "runtime": "python",
  "timestamp": "2026-02-15T03:15:35.171542+00:00",
  "system": {
    "os": "Darwin 25.2.0",
    "arch": "arm64",
    "cpus": 16,
    "memory_gb": 128.0,
    "runtime_version": "Python 3.12.10",
    "platform_name": "python"
  },
  "scenarios": {
    "single-message": {
      "iterations": 50,
      "warmup": 5,
      "latency": {
        "min_ms": 0.254084,
        "max_ms": 2.038209,
        "avg_ms": 0.5380634400000001,
        "median_ms": 0.334542,
        "p95_ms": 1.825087499999999,
        "p99_ms": 2.02726534,
        "stddev_ms": 0.4662131806414812,
        "raw_ms": [
          0.474417,
          0.335125,
          0.290334,
          0.279792,
          0.276083,
          0.523,
          0.343417,
          0.310875,
          0.291125,
          0.285625,
          0.2765,
          0.278625,
          0.269584,
          0.266792,
          0.2665,
          0.265166,
          0.27125,
          0.267584,
          0.268708,
          1.65775,
          0.42775,
          0.349834,
          0.783709,
          0.508167,
          0.548375,
          2.015875,
          1.452209,
          0.333959,
          0.254084,
          0.627166,
          0.730167,
          0.544458,
          0.712875,
          2.038209,
          1.000333,
          0.670875,
          1.962,
          0.373917,
          0.363292,
          0.709083,
          0.355375,
          0.310417,
          0.283375,
          0.414833,
          0.282125,
          0.276125,
          0.269083,
          0.270708,
          0.268958,
          0.267584
        ]
      },
      "throughput": {
        "messages_per_second": 1858.5169064822542,
        "total_messages": 50,
        "total_time_ms": 26.903172
      },
      "pipeline": {
        "compose_state_avg_ms": 0.0,
        "provider_execution_avg_ms": 0.0,
        "should_respond_avg_ms": 0.0,
        "model_call_avg_ms": 0.527045,
        "action_dispatch_avg_ms": 0.0,
        "evaluator_avg_ms": 0.0,
        "memory_create_avg_ms": 0.0,
        "memory_get_avg_ms": 0.0,
        "model_time_total_ms": 26.35225,
        "framework_time_total_ms": 0.5509219999999999
      },
      "resources": {
        "memory_rss_start_mb": 56.8125,
        "memory_rss_peak_mb": 57.109375,
        "memory_rss_end_mb": 57.109375,
        "memory_delta_mb": 0.296875,
        "heap_used_start_mb": 0.0,
        "heap_used_peak_mb": 0.0,
        "heap_used_end_mb": 0.0
      }
    },
    "conversation-10": {
      "iterations": 20,
      "warmup": 3,
      "latency": {
        "min_ms": 2.223917,
        "max_ms": 8.506709,
        "avg_ms": 4.121760350000001,
        "median_ms": 3.785042,
        "p95_ms": 7.6169542,
        "p99_ms": 8.328758039999999,
        "stddev_ms": 1.904417944313046,
        "raw_ms": [
          3.721167,
          7.570125,
          6.803916,
          5.494917,
          2.377291,
          2.271416,
          8.506709,
          4.113917,
          2.281791,
          2.387,
          4.967666,
          5.109875,
          5.966375,
          4.637458,
          2.86425,
          3.848917,
          2.321208,
          2.693875,
          2.273417,
          2.223917
        ]
      },
      "throughput": {
        "messages_per_second": 2426.1478472420163,
        "total_messages": 200,
        "total_time_ms": 82.435207
      },
      "pipeline": {
        "compose_state_avg_ms": 0.0,
        "provider_execution_avg_ms": 0.0,
        "should_respond_avg_ms": 0.0,
        "model_call_avg_ms": 0.40603687,
        "action_dispatch_avg_ms": 0.0,
        "evaluator_avg_ms": 0.0,
        "memory_create_avg_ms": 0.0,
        "memory_get_avg_ms": 0.0,
        "model_time_total_ms": 81.207374,
        "framework_time_total_ms": 1.227833000000004
      },
      "resources": {
        "memory_rss_start_mb": 57.171875,
        "memory_rss_peak_mb": 57.828125,
        "memory_rss_end_mb": 57.828125,
        "memory_delta_mb": 0.65625,
        "heap_used_start_mb": 0.0,
        "heap_used_peak_mb": 0.0,
        "heap_used_end_mb": 0.0
      }
    },
    "startup-cold": {
      "iterations": 20,
      "warmup": 0,
      "latency": {
        "min_ms": 0.091042,
        "max_ms": 0.949041,
        "avg_ms": 0.20848339999999999,
        "median_ms": 0.0999795,
        "p95_ms": 0.8908145500000001,
        "p99_ms": 0.9373957099999999,
        "stddev_ms": 0.24873048577755805,
        "raw_ms": [
          0.424792,
          0.88775,
          0.168125,
          0.121042,
          0.10625,
          0.100791,
          0.099625,
          0.096292,
          0.098208,
          0.099083,
          0.095167,
          0.242834,
          0.107125,
          0.100334,
          0.09725,
          0.093917,
          0.091042,
          0.098417,
          0.092583,
          0.949041
        ]
      },
      "throughput": {
        "messages_per_second": 4796.544952739642,
        "total_messages": 20,
        "total_time_ms": 4.169668
      },
      "pipeline": {
        "compose_state_avg_ms": 0.0,
        "provider_execution_avg_ms": 0.0,
        "should_respond_avg_ms": 0.0,
        "model_call_avg_ms": 0.0,
        "action_dispatch_avg_ms": 0.0,
        "evaluator_avg_ms": 0.0,
        "memory_create_avg_ms": 0.0,
        "memory_get_avg_ms": 0.0,
        "model_time_total_ms": 0.0,
        "framework_time_total_ms": 0.0
      },
      "resources": {
        "memory_rss_start_mb": 57.828125,
        "memory_rss_peak_mb": 57.828125,
        "memory_rss_end_mb": 57.828125,
        "memory_delta_mb": 0.0,
        "heap_used_start_mb": 0.0,
        "heap_used_peak_mb": 0.0,
        "heap_used_end_mb": 0.0
      }
    }
  }
}