{
  "runtime": "python",
  "timestamp": "2026-02-12T09:52:51.728532+00:00",
  "system": {
    "os": "Darwin 25.2.0",
    "arch": "arm64",
    "cpus": 16,
    "memory_gb": 128.0,
    "runtime_version": "Python 3.13.2",
    "platform_name": "python"
  },
  "scenarios": {
    "single-message": {
      "iterations": 50,
      "warmup": 5,
      "latency": {
        "min_ms": 0.152083,
        "max_ms": 0.28075,
        "avg_ms": 0.16817668000000002,
        "median_ms": 0.159125,
        "p95_ms": 0.20681889999999997,
        "p99_ms": 0.2745025,
        "stddev_ms": 0.02510505129286933,
        "raw_ms": [
          0.193625,
          0.171666,
          0.164292,
          0.160125,
          0.154792,
          0.1595,
          0.268,
          0.203542,
          0.185958,
          0.169791,
          0.175792,
          0.189875,
          0.161542,
          0.162667,
          0.159125,
          0.160917,
          0.159125,
          0.156958,
          0.15525,
          0.162958,
          0.154458,
          0.156791,
          0.155708,
          0.160417,
          0.155166,
          0.15725,
          0.157834,
          0.158583,
          0.157875,
          0.15475,
          0.15775,
          0.160917,
          0.152959,
          0.152083,
          0.162542,
          0.157666,
          0.158625,
          0.28075,
          0.2095,
          0.176584,
          0.174333,
          0.169458,
          0.1615,
          0.15825,
          0.156542,
          0.158167,
          0.154209,
          0.154792,
          0.155125,
          0.15275
        ]
      },
      "throughput": {
        "messages_per_second": 5946.127608179683,
        "total_messages": 50,
        "total_time_ms": 8.408834
      },
      "pipeline": {
        "compose_state_avg_ms": 0.0,
        "provider_execution_avg_ms": 0.0,
        "should_respond_avg_ms": 0.0,
        "model_call_avg_ms": 0.1644267,
        "action_dispatch_avg_ms": 0.0,
        "evaluator_avg_ms": 0.0,
        "memory_create_avg_ms": 0.0,
        "memory_get_avg_ms": 0.0,
        "model_time_total_ms": 8.221335,
        "framework_time_total_ms": 0.18749900000000075
      },
      "resources": {
        "memory_rss_start_mb": 61.34375,
        "memory_rss_peak_mb": 61.875,
        "memory_rss_end_mb": 61.875,
        "memory_delta_mb": 0.53125,
        "heap_used_start_mb": 0.0,
        "heap_used_peak_mb": 0.0,
        "heap_used_end_mb": 0.0
      }
    },
    "conversation-10": {
      "iterations": 20,
      "warmup": 3,
      "latency": {
        "min_ms": 1.235708,
        "max_ms": 1.537125,
        "avg_ms": 1.3384373999999999,
        "median_ms": 1.3203335,
        "p95_ms": 1.4917625,
        "p99_ms": 1.5280525,
        "stddev_ms": 0.07194770255915056,
        "raw_ms": [
          1.33225,
          1.259625,
          1.301333,
          1.287625,
          1.235708,
          1.32125,
          1.464666,
          1.333833,
          1.340208,
          1.321833,
          1.315833,
          1.333375,
          1.331208,
          1.489375,
          1.537125,
          1.319417,
          1.3095,
          1.3125,
          1.308042,
          1.314042
        ]
      },
      "throughput": {
        "messages_per_second": 7471.399110634537,
        "total_messages": 200,
        "total_time_ms": 26.768748
      },
      "pipeline": {
        "compose_state_avg_ms": 0.0,
        "provider_execution_avg_ms": 0.0,
        "should_respond_avg_ms": 0.0,
        "model_call_avg_ms": 0.131141005,
        "action_dispatch_avg_ms": 0.0,
        "evaluator_avg_ms": 0.0,
        "memory_create_avg_ms": 0.0,
        "memory_get_avg_ms": 0.0,
        "model_time_total_ms": 26.228201,
        "framework_time_total_ms": 0.5405470000000001
      },
      "resources": {
        "memory_rss_start_mb": 62.0,
        "memory_rss_peak_mb": 62.765625,
        "memory_rss_end_mb": 62.765625,
        "memory_delta_mb": 0.765625,
        "heap_used_start_mb": 0.0,
        "heap_used_peak_mb": 0.0,
        "heap_used_end_mb": 0.0
      }
    },
    "burst-100": {
      "iterations": 5,
      "warmup": 2,
      "latency": {
        "min_ms": 12.599458,
        "max_ms": 13.725916,
        "avg_ms": 13.252124599999998,
        "median_ms": 13.521792,
        "p95_ms": 13.696715999999999,
        "p99_ms": 13.720075999999999,
        "stddev_ms": 0.4485157567344094,
        "raw_ms": [
          12.833541,
          12.599458,
          13.579916,
          13.521792,
          13.725916
        ]
      },
      "throughput": {
        "messages_per_second": 7545.959838017219,
        "total_messages": 500,
        "total_time_ms": 66.260623
      },
      "pipeline": {
        "compose_state_avg_ms": 0.0,
        "provider_execution_avg_ms": 0.0,
        "should_respond_avg_ms": 0.0,
        "model_call_avg_ms": 0.12997177,
        "action_dispatch_avg_ms": 0.0,
        "evaluator_avg_ms": 0.0,
        "memory_create_avg_ms": 0.0,
        "memory_get_avg_ms": 0.0,
        "model_time_total_ms": 64.985885,
        "framework_time_total_ms": 1.2747379999999993
      },
      "resources": {
        "memory_rss_start_mb": 63.28125,
        "memory_rss_peak_mb": 65.125,
        "memory_rss_end_mb": 65.125,
        "memory_delta_mb": 1.84375,
        "heap_used_start_mb": 0.0,
        "heap_used_peak_mb": 0.0,
        "heap_used_end_mb": 0.0
      }
    },
    "with-should-respond": {
      "iterations": 20,
      "warmup": 3,
      "latency": {
        "min_ms": 0.624958,
        "max_ms": 0.793,
        "avg_ms": 0.67016475,
        "median_ms": 0.655584,
        "p95_ms": 0.72851875,
        "p99_ms": 0.78010375,
        "stddev_ms": 0.03788381047080006,
        "raw_ms": [
          0.793,
          0.725125,
          0.686542,
          0.687875,
          0.684209,
          0.667875,
          0.653584,
          0.644708,
          0.651917,
          0.655209,
          0.654375,
          0.650333,
          0.718208,
          0.67425,
          0.655959,
          0.656167,
          0.647125,
          0.640834,
          0.631042,
          0.624958
        ]
      },
      "throughput": {
        "messages_per_second": 7460.851977069818,
        "total_messages": 100,
        "total_time_ms": 13.403295
      },
      "pipeline": {
        "compose_state_avg_ms": 0.0,
        "provider_execution_avg_ms": 0.0,
        "should_respond_avg_ms": 0.0,
        "model_call_avg_ms": 0.13108204,
        "action_dispatch_avg_ms": 0.0,
        "evaluator_avg_ms": 0.0,
        "memory_create_avg_ms": 0.0,
        "memory_get_avg_ms": 0.0,
        "model_time_total_ms": 13.108204,
        "framework_time_total_ms": 0.2950909999999993
      },
      "resources": {
        "memory_rss_start_mb": 65.203125,
        "memory_rss_peak_mb": 65.359375,
        "memory_rss_end_mb": 65.359375,
        "memory_delta_mb": 0.15625,
        "heap_used_start_mb": 0.0,
        "heap_used_peak_mb": 0.0,
        "heap_used_end_mb": 0.0
      }
    },
    "provider-scaling-10": {
      "iterations": 30,
      "warmup": 3,
      "latency": {
        "min_ms": 0.207042,
        "max_ms": 0.276041,
        "avg_ms": 0.21754033333333334,
        "median_ms": 0.21222950000000002,
        "p95_ms": 0.25056714999999996,
        "p99_ms": 0.27176379,
        "stddev_ms": 0.015138707708681375,
        "raw_ms": [
          0.276041,
          0.226917,
          0.222458,
          0.21675,
          0.215584,
          0.212875,
          0.212042,
          0.2125,
          0.210541,
          0.210917,
          0.213209,
          0.261292,
          0.237459,
          0.219708,
          0.221375,
          0.21375,
          0.212417,
          0.210833,
          0.209791,
          0.211541,
          0.20775,
          0.208667,
          0.207042,
          0.210084,
          0.211375,
          0.213292,
          0.211375,
          0.207792,
          0.211916,
          0.208917
        ]
      },